Fit Time,Score Time,Test Score,Train Score
0.06990208625793456,0.002123594284057617,0.8,0.8067857142857143
