Fit Time,Score Time,Test Score,Train Score
0.06721706390380859,0.001797962188720703,0.7928571428571429,0.8017857142857142
