Fit Time,Score Time,Test Score,Train Score
0.008667612075805664,0.0015645980834960937,0.71,0.7132142857142857
