Fit Time,Score Time,Test Score,Train Score
0.00940113067626953,0.0015796661376953126,0.71,0.7132142857142857
