Fit Time,Score Time,Test Score,Train Score
0.003841590881347656,0.0002337932586669922,0.6714285714285714,0.6714285714285714
