Fit Time,Score Time,Test Score,Train Score
0.004814863204956055,0.0002238750457763672,0.5728571428571428,0.5728571428571427
