Fit Time,Score Time,Test Score,Train Score
0.0037355899810791017,0.00032401084899902344,0.6714285714285714,0.6714285714285714
